"conceptId","term","refsetId","refsetName","active"
"10335000","Chronic right-sided heart failure","999002401000000105","HF_COD","1"
"10633002","Acute congestive heart failure","999002401000000105","HF_COD","1"
"111283005","Chronic left-sided heart failure","999002401000000105","HF_COD","1"
"1204200007","Left ventricular failure with normal ejection fraction due to valvular heart disease","999002401000000105","HF_COD","1"
"1204203009","Left ventricular failure with normal ejection fraction due to coronary arteriosclerosis","999002401000000105","HF_COD","1"
"1204204003","Left ventricular failure with normal ejection fraction due to myocarditis","999002401000000105","HF_COD","1"
"1204206001","Left ventricular failure with normal ejection fraction due to cardiomyopathy","999002401000000105","HF_COD","1"
"1204462004","Left ventricular failure with sepsis","999002401000000105","HF_COD","1"
"1204468000","Right ventricular failure with sepsis","999002401000000105","HF_COD","1"
"1208843003","Right ventricular failure due to heart valve disorder","999002401000000105","HF_COD","1"
"1208846006","Right ventricular failure due to disorder of lung","999002401000000105","HF_COD","1"
"1208848007","Right ventricular failure due to disorder of pulmonary circulation","999002401000000105","HF_COD","1"
"1208850004","Right ventricular failure due to right ventricular infarction","999002401000000105","HF_COD","1"
"128404006","Right heart failure","999002401000000105","HF_COD","1"
"1296659009","Acute exacerbation of chronic heart failure","999002401000000105","HF_COD","1"
"153941000119100","Chronic combined systolic and diastolic heart failure","999002401000000105","HF_COD","1"
"16838951000119100","Acute on chronic right-sided congestive heart failure","999002401000000105","HF_COD","1"
"195111005","Decompensated cardiac failure","999002401000000105","HF_COD","1"
"195112003","Compensated cardiac failure","999002401000000105","HF_COD","1"
"195114002","Acute left ventricular failure","999002401000000105","HF_COD","1"
"233924009","Heart failure as a complication of care","999002401000000105","HF_COD","1"
"314206003","Refractory heart failure","999002401000000105","HF_COD","1"
"367363000","Right ventricular failure","999002401000000105","HF_COD","1"
"42343007","Congestive heart failure","999002401000000105","HF_COD","1"
"426611007","Congestive heart failure due to valvular disease","999002401000000105","HF_COD","1"
"43736008","Rheumatic left ventricular failure","999002401000000105","HF_COD","1"
"441481004","Chronic systolic heart failure","999002401000000105","HF_COD","1"
"441530006","Chronic diastolic heart failure","999002401000000105","HF_COD","1"
"446221000","Heart failure with normal ejection fraction","999002401000000105","HF_COD","1"
"48447003","Chronic heart failure","999002401000000105","HF_COD","1"
"5375005","Chronic left-sided congestive heart failure","999002401000000105","HF_COD","1"
"56675007","Acute heart failure","999002401000000105","HF_COD","1"
"66989003","Chronic right-sided congestive heart failure","999002401000000105","HF_COD","1"
"703272007","Heart failure with reduced ejection fraction","999002401000000105","HF_COD","1"
"788950000","Heart failure with mid range ejection fraction","999002401000000105","HF_COD","1"
"82523003","Congestive rheumatic heart failure","999002401000000105","HF_COD","1"
"84114007","Heart failure","999002401000000105","HF_COD","1"
"85232009","Left heart failure","999002401000000105","HF_COD","1"
"871617000","Low output heart failure due to and following Fontan operation","999002401000000105","HF_COD","1"
"88805009","Chronic congestive heart failure","999002401000000105","HF_COD","1"
"898208007","Heart failure due to thyrotoxicosis","999002401000000105","HF_COD","1"
"92506005","Biventricular congestive heart failure","999002401000000105","HF_COD","1"
"703272007","Heart failure with reduced ejection fraction","991411000000109","REDEJCFRAC_COD","1"
"703273002","Heart failure with reduced ejection fraction due to coronary artery disease","991411000000109","REDEJCFRAC_COD","1"
"703274008","Heart failure with reduced ejection fraction due to myocarditis","991411000000109","REDEJCFRAC_COD","1"
"703275009","Heart failure with reduced ejection fraction due to cardiomyopathy","991411000000109","REDEJCFRAC_COD","1"
"703276005","Heart failure with reduced ejection fraction due to heart valve disease","991411000000109","REDEJCFRAC_COD","1"
"111552007","Diabetes mellitus without complication","999004691000000108","DM_COD","1"
"112991000000101","Lipoatrophic diabetes mellitus without complication","999004691000000108","DM_COD","1"
"1142044000","Pre-existing malnutrition-related diabetes mellitus in pregnancy","999004691000000108","DM_COD","1"
"11530004","Brittle diabetes mellitus","999004691000000108","DM_COD","1"
"1196922005","Neovascular glaucoma due to diabetes mellitus type 2","999004691000000108","DM_COD","1"
"1196923000","Neovascular glaucoma due to diabetes mellitus type 1","999004691000000108","DM_COD","1"
"1217044000","Ketosis-resistant diabetes mellitus","999004691000000108","DM_COD","1"
"1217068008","Fulminant type 1 diabetes mellitus","999004691000000108","DM_COD","1"
"1217674007","Neurotrophic keratitis due to diabetes mellitus","999004691000000108","DM_COD","1"
"1222660008","Pancreatic agenesis, holoprosencephaly syndrome","999004691000000108","DM_COD","1"
"1255271005","Type 1 diabetes mellitus, central and peripheral neurodegeneration syndrome","999004691000000108","DM_COD","1"
"127012008","Lipoatrophic diabetes","999004691000000108","DM_COD","1"
"127013003","Disorder of kidney due to diabetes mellitus","999004691000000108","DM_COD","1"
"127014009","Peripheral angiopathy due to diabetes mellitus","999004691000000108","DM_COD","1"
"1481000119100","Diabetes mellitus type 2 without retinopathy","999004691000000108","DM_COD","1"
"190368000","Type I diabetes mellitus with ulcer","999004691000000108","DM_COD","1"
"190369008","Type I diabetes mellitus with gangrene","999004691000000108","DM_COD","1"
"190372001","Type I diabetes mellitus maturity onset","999004691000000108","DM_COD","1"
"190388001","Multiple complications due to type 2 diabetes mellitus","999004691000000108","DM_COD","1"
"190389009","Type II diabetes mellitus with ulcer","999004691000000108","DM_COD","1"
"190390000","Type II diabetes mellitus with gangrene","999004691000000108","DM_COD","1"
"201724008","Neuropathic arthropathy due to diabetes mellitus","999004691000000108","DM_COD","1"
"230577008","Mononeuropathy due to diabetes mellitus","999004691000000108","DM_COD","1"
"237599002","Insulin treated type 2 diabetes mellitus","999004691000000108","DM_COD","1"
"237601000","Secondary endocrine diabetes mellitus","999004691000000108","DM_COD","1"
"237604008","Maturity onset diabetes of the young, type 2","999004691000000108","DM_COD","1"
"237612000","Photomyoclonus, diabetes mellitus, deafness, nephropathy and cerebral dysfunction","999004691000000108","DM_COD","1"
"237618001","Insulin-dependent diabetes mellitus secretory diarrhea syndrome","999004691000000108","DM_COD","1"
"237619009","Maternally inherited diabetes and deafness","999004691000000108","DM_COD","1"
"268519009","Diabetic - poor control","999004691000000108","DM_COD","1"
"290002008","Brittle type 1 diabetes mellitus","999004691000000108","DM_COD","1"
"313435000","Type I diabetes mellitus without complication","999004691000000108","DM_COD","1"
"313436004","Type II diabetes mellitus without complication","999004691000000108","DM_COD","1"
"314771006","Type I diabetes mellitus with hypoglycemic coma","999004691000000108","DM_COD","1"
"314893005","Arthropathy due to type 1 diabetes mellitus","999004691000000108","DM_COD","1"
"314902007","Peripheral angiopathy due to type 2 diabetes mellitus","999004691000000108","DM_COD","1"
"314903002","Arthropathy due to type 2 diabetes mellitus","999004691000000108","DM_COD","1"
"314904008","Type II diabetes mellitus with neuropathic arthropathy","999004691000000108","DM_COD","1"
"335621000000101","Maternally inherited diabetes mellitus","999004691000000108","DM_COD","1"
"368711000119106","Mild nonproliferative retinopathy due to secondary diabetes mellitus","999004691000000108","DM_COD","1"
"385041000000108","Diabetes mellitus with multiple complications","999004691000000108","DM_COD","1"
"395204000","Hyperosmolar non-ketotic state due to type 2 diabetes mellitus","999004691000000108","DM_COD","1"
"401110002","Type 1 diabetes mellitus with persistent microalbuminuria","999004691000000108","DM_COD","1"
"408540003","Diabetes mellitus caused by non-steroid drugs","999004691000000108","DM_COD","1"
"413183008","Diabetes mellitus caused by non-steroid drugs without complication","999004691000000108","DM_COD","1"
"420270002","Ketoacidosis due to type 1 diabetes mellitus","999004691000000108","DM_COD","1"
"420825003","Gangrene due to type 1 diabetes mellitus","999004691000000108","DM_COD","1"
"420868002","Disorder due to type 1 diabetes mellitus","999004691000000108","DM_COD","1"
"421075007","Ketoacidotic coma due to type 1 diabetes mellitus","999004691000000108","DM_COD","1"
"421305000","Persistent microalbuminuria due to type 1 diabetes mellitus","999004691000000108","DM_COD","1"
"421437000","Hypoglycemic coma due to type 1 diabetes mellitus","999004691000000108","DM_COD","1"
"421631007","Gangrene due to type 2 diabetes mellitus","999004691000000108","DM_COD","1"
"421750000","Ketoacidosis due to type 2 diabetes mellitus","999004691000000108","DM_COD","1"
"421847006","Ketoacidotic coma due to type 2 diabetes mellitus","999004691000000108","DM_COD","1"
"422014003","Disorder due to type 2 diabetes mellitus","999004691000000108","DM_COD","1"
"422228004","Multiple complications due to type 1 diabetes mellitus","999004691000000108","DM_COD","1"
"426705001","Diabetes mellitus co-occurrent and due to cystic fibrosis","999004691000000108","DM_COD","1"
"426875007","Latent autoimmune diabetes mellitus in adult","999004691000000108","DM_COD","1"
"427089005","Diabetes mellitus due to cystic fibrosis","999004691000000108","DM_COD","1"
"44054006","Diabetes mellitus type 2","999004691000000108","DM_COD","1"
"443694000","Uncontrolled type 2 diabetes mellitus","999004691000000108","DM_COD","1"
"444073006","Uncontrolled type 1 diabetes mellitus","999004691000000108","DM_COD","1"
"445353002","Brittle type 2 diabetes mellitus","999004691000000108","DM_COD","1"
"46635009","Diabetes mellitus type 1","999004691000000108","DM_COD","1"
"4855003","Retinopathy due to diabetes mellitus","999004691000000108","DM_COD","1"
"49455004","Polyneuropathy due to diabetes mellitus","999004691000000108","DM_COD","1"
"51002006","Diabetes mellitus associated with pancreatic disease","999004691000000108","DM_COD","1"
"5368009","Drug-induced diabetes mellitus","999004691000000108","DM_COD","1"
"5969009","Diabetes mellitus associated with genetic syndrome","999004691000000108","DM_COD","1"
"609561005","Maturity-onset diabetes of the young","999004691000000108","DM_COD","1"
"609562003","Maturity onset diabetes of the young, type 1","999004691000000108","DM_COD","1"
"609572000","Maturity-onset diabetes of the young, type 5","999004691000000108","DM_COD","1"
"703136005","Diabetes mellitus in remission","999004691000000108","DM_COD","1"
"703137001","Type I diabetes mellitus in remission","999004691000000108","DM_COD","1"
"703138006","Type II diabetes mellitus in remission","999004691000000108","DM_COD","1"
"70694009","Wolfram syndrome","999004691000000108","DM_COD","1"
"73211009","Diabetes mellitus","999004691000000108","DM_COD","1"
"737212004","Diabetes mellitus caused by chemical","999004691000000108","DM_COD","1"
"739681000","Disorder of eye due to type 1 diabetes mellitus","999004691000000108","DM_COD","1"
"75682002","Diabetes mellitus caused by insulin receptor antibodies","999004691000000108","DM_COD","1"
"768792007","Cataract of right eye due to diabetes mellitus","999004691000000108","DM_COD","1"
"768793002","Cataract of left eye due to diabetes mellitus","999004691000000108","DM_COD","1"
"768794008","Cataract of bilateral eyes due to diabetes mellitus","999004691000000108","DM_COD","1"
"816067005","Diabetes, hypogonadism, deafness, intellectual disability syndrome","999004691000000108","DM_COD","1"
"82581000119105","Rubeosis iridis due to type 1 diabetes mellitus","999004691000000108","DM_COD","1"
"8801005","Secondary diabetes mellitus","999004691000000108","DM_COD","1"
"1010405004","Paroxysmal atrial fibrillation with rapid ventricular response","999002271000000101","AFIB_COD","1"
"120041000119109","Atrial fibrillation with rapid ventricular response","999002271000000101","AFIB_COD","1"
"15964901000119107","Atypical atrial flutter","999002271000000101","AFIB_COD","1"
"195080001","Atrial fibrillation and flutter","999002271000000101","AFIB_COD","1"
"233910005","Lone atrial fibrillation","999002271000000101","AFIB_COD","1"
"233911009","Non-rheumatic atrial fibrillation","999002271000000101","AFIB_COD","1"
"280797561000119107","Permanent atrial fibrillation due to heart valve disorder","999002271000000101","AFIB_COD","1"
"282825002","Paroxysmal atrial fibrillation","999002271000000101","AFIB_COD","1"
"300996004","Controlled atrial fibrillation","999002271000000101","AFIB_COD","1"
"313377641000119105","Atrial fibrillation due to heart valve disorder","999002271000000101","AFIB_COD","1"
"314208002","Rapid atrial fibrillation","999002271000000101","AFIB_COD","1"
"425615007","Chronic atrial flutter","999002271000000101","AFIB_COD","1"
"426749004","Chronic atrial fibrillation","999002271000000101","AFIB_COD","1"
"427665004","Paroxysmal atrial flutter","999002271000000101","AFIB_COD","1"
"440028005","Permanent atrial fibrillation","999002271000000101","AFIB_COD","1"
"440059007","Persistent atrial fibrillation","999002271000000101","AFIB_COD","1"
"467643831000119105","Paroxysmal atrial fibrillation due to heart valve disorder","999002271000000101","AFIB_COD","1"
"489609371000119104","Persistent atrial fibrillation due to heart valve disorder","999002271000000101","AFIB_COD","1"
"49436004","Atrial fibrillation","999002271000000101","AFIB_COD","1"
"5370000","Atrial flutter","999002271000000101","AFIB_COD","1"
"706923002","Longstanding persistent atrial fibrillation","999002271000000101","AFIB_COD","1"
"715395008","Familial atrial fibrillation","999002271000000101","AFIB_COD","1"
"720448006","Typical atrial flutter","999002271000000101","AFIB_COD","1"
"762247006","Preexcited atrial fibrillation","999002271000000101","AFIB_COD","1"
